Person;Victim;Aggressor;Stress
4161;0;0;0.0
4119;21;21;0.0
4081;40;40;0.024030401050922773
4039;61;61;0.02419439477444805
3995;83;83;0.024318913258579104
3959;101;101;0.02448398426297182
3923;119;119;0.024582292316212617
3897;132;132;0.024626935966794335
3873;144;144;0.024713410412259825
3837;162;162;0.0247959882744299
3811;175;175;0.02487609541886705
